alpha,rank,node,score,node_label
0.5,1,999246518573af4b1756e96b5da8c15,1761.463028280753,e91fc738f7c2969b5693bd5a3b6a7e2
0.5,2,5570fb689528e01c515604476fead7b,1561.5056836271842,4f11b5ae12b263cd102af2fb53c6e59
0.5,3,126c0412a08a77cd21d1321d32b4a30,1473.4405315451318,faa5436acf21229165219bdf2a15ae1
0.5,4,511d6385b5d2b26cb65e6f4c95c66e0,1387.3240428969723,0101227188b0a94ee84c4c570a3fe21
0.5,5,79eb33248a8ff285909d4e4d7221c00,1244.057072645785,cff2f8b492fd60699f4c0efcd3c18e3
0.5,6,d92b9d59861f8c5412e13df58f688b6,998.0896753298272,e3a2c4e68206caf3f58668cf81af3dd
0.5,7,e1f602a771f4428666359b90524e4bd,880.9653795694811,1461367cc91b837e1b6547abe83c1ee
0.5,8,a36b87b046f6a351668f1684778c29c,840.2142583888945,4f05e6cfb0149168f7ac243c657dd38
0.5,9,cbdfe8f8b33545ef44b4965fa6d2cd4,753.9230729988305,ba709cf3cee4e50bb7c2f35bd5f6088
0.5,10,78d15ba833cf540baf73439626a3ab0,733.6313788272691,c492269338a9662bb6c29858e8cdaf0
0.5,11,0ed015299d4dbef69fa5f6b8d70a9d7,683.7104650361877,d6ee9b882cf47399d658ee96536354f
0.5,12,a6a0ba5336ca3c41b0ea658e1960c34,670.108946366186,4d3c2780592f8da75c04ae1ec2acf82
0.5,13,c41f78e6d801cd6d2336facd3ada846,634.5076831686122,d7afa383019a95f520ef98f6e85dba9
0.5,14,de820db42926b17b057cc7516017427,629.0993562228466,c1b294d4fc442cab1938c321467d46e
0.5,15,2f10b599c24d49830a3ae1f07eb6cc6,627.9251547756309,697f933343b126a5285a45e62cbb29b
0.5,16,52a2de2ba70338b97f2ee31cfdd19da,598.8889713461085,7c5d183434884809dcf48b600154794
0.5,17,4395d08075ba57e81cd6745a3b34a29,575.7777348942906,d43edfece0cbf41f9b6913b197253aa
0.5,18,2c6917d4f8ffae2cc97a38b0d9bc0af,569.1563932698991,773bb37e7194c7e5d508a5a560b7cd9
0.5,19,868c4cc977fd96e30c0d52a8a51bc9a,558.8559742903354,d6f4c4a284ea0089474f71a79b6eb8d
0.5,20,393c2b6a4668d8832b04fcdbf810002,557.0035906526995,635384a0bb45d4bdbc14b74a12d4d83
0.5,21,6b815766a19bcfd8f805043978b4b08,552.8200430519863,dd868e289c27446496024ccc85e215c
0.5,22,f17e9d2ea8070b1d013bbeebfd09bd1,548.0666017921545,189347a74fc46b2a58e3dd1d50b7063
0.5,23,253ff534cf4a7f5bf72bfc471acd56c,543.5991169970754,d7f50fb1710aa33ec34e1ea4525be31
0.5,24,18327bf55c2a44a4071e9aae2d002fc,521.9578527046029,f07ee657dd45d1545d6ec4135690200
0.5,25,1027919791ea8729edb6dade6e42d29,504.51759136822966,afe76348b19a69a5b4beb8641095dd1
0.5,26,7b55161458265493ef555bd205b0f01,493.5868717865175,509a4507a9005b35106218e473f0ed1
0.5,27,fd2d2fbbb375e3777bffc1a9f833df7,458.83766192412753,0731790f9d64d269b0a410ae40e3438
0.5,28,d9087d3b937b8f47fe09bae000da84d,446.1569230663131,5d1479c9371eb1c29b29743925608e2
0.5,29,446b9ecb67d4a8f16f0fd39b4d7ae02,440.51333691501327,f2716a8d02dd9d083b5ae4f077b6f0a
0.5,30,2e9286387f3b3e0531a3b4e551f7460,424.32063348369,d9e788126b2277c86571ffbb55e9530
0.5,31,6a69db44e694765cf2ade9b897c4f0e,421.2481453965109,a7a63e756646264e48d9b235c2aad04
0.5,32,b588fe182a74e6355d0fa82e78587db,397.02141000203005,c4badcc75ca0e15b93ef0f23f2554db
0.5,33,c122a6b98e29c7d0d654a598af53a89,386.52296180175375,114fb4163bea84e88c08ada3d3ee815
0.5,34,8e59262b29406f00a21b82c9623de40,385.6812155135378,7fccd12343a0fcee815007786e16a72
0.5,35,e8b94af206eb6fc0f1a8f943b5ab2e3,373.3523804664971,34f08d679a9cbe9f7f420a2621675db
0.5,36,d29ad4dc683cfcf6eff48189bb14e59,372.0886991027812,f74d3f2411567ca5f4fe95a75905f16
0.5,37,32b65bcb0a42700312af659b41322ef,368.4752366170623,b91b78da889bceb0e84de5a3410896a
0.5,38,da65aae1e70c355438c0001a0e48bfe,359.24086627219907,472744a06927b167654686d81bb7bbe
0.5,39,a39d7f67e7cb92b2f7ff54f84a4d8a8,351.11251757805496,6f8f91cb3918566942db4f7253c43c6
0.5,40,d27fa8d13cdb1f61a530ee03d2b620a,349.8999857102026,02c3254aeeb65638fa7ade86327326e
0.5,41,abb78874c28ebe121062459201da395,349.7198879103103,71be549a1108310d2d890ba583aa45f
0.5,42,7441045f4fe0fcdd85117c0d1462dc2,344.7912411880557,9271c26e78b45570b8e1cb4d3ae2e12
0.5,43,b4e7a88504faa76b3ae68fa6976085b,324.65058139482824,562c490b9ca9bd3ac73bab774761c64
0.5,44,769bdeee9769d34e4122720ecd0edca,324.32082880999184,085e690512305793ad7aaf607fa91b1
0.5,45,926188c36aaf91a8d4d3dbcfa923e62,308.83814531239494,1b9a7981ab6f2c0ba8d070f9168d077
0.5,46,040fe9eb083aad5ac6a54baecaea025,305.17208260258667,1fc596ded5b3e4043761c28fe545f63
0.5,47,e208096ed893b6016c0f002e0096f39,302.6648311251243,8622174f717266da0048e553e63f5bd
0.5,48,7f5a24e9cd5bb16538db299b0aa1489,301.76149522429137,c0cf0264ddbf60f00f9fdbc6e18798f
0.5,49,b8075d26cfae706cc588c81f3c09b53,299.2306802451915,cd35b9c9d20e0d3e12cdbacf8eaa971
0.5,50,5e1b7507b3fc27f696e9c898aa6cc2a,298.5163312115436,920c15b6ed3401e9d4ffd3be2b4f43c
0.5,51,a11ac130ab8ce318ded6fc9b1732a58,295.0932056147684,fc7853d593716081430798cd9e931e3
0.5,52,2c30dff8375c6f45d4d90b63bc0ff98,294.0918223956593,707f7e71729a775d64c20891aa46b94
0.5,53,5c5657ad74cd0813bab309943b2d787,293.14160400734664,8b83e496f01062eefd35347d80abd7d
0.5,54,0380fb21c3b19ae9002973552ac5ede,285.531084122202,d41d8cd98f00b204e9800998ecf8427
0.5,55,1432364b720e6d5ddde8268d3c4f6e4,283.9876757889328,4a1cb168f2d02823dadb6c10904f7a8
0.5,56,a4417eca7d58162957faf27f57e2e27,281.339652377691,dfcc4dbe5f5bf3b5fe23a75dc14ea74
0.5,57,0379c6f88da7f8b13e78813792a1308,280.9768673752343,d3020c8e124106f66ae747e748f38dc
0.5,58,7094d540355a1806320620e25b38ec6,276.64236841091423,069c46090a078d77bc0456b7dc03d08
0.5,59,2043f2886bd0309ba514457d8356121,274.95999709048584,89d021e682f117a6ff8e6fe859cdcc2
0.5,60,b7fb06f8acd8e1a0da800ba1a6ef573,273.5324478009876,ac048ba5883e55b4daf8f8f355601cc
0.5,61,366774e842b28527d80ffce67e5434e,269.1988112900946,1b1499a8903cbb6ad1b182c9e21e133
0.5,62,2fa20b1bd079d76813d82cfc3190edf,266.9831455354439,75fc949b80cd2402bb1a075f3cd8b3d
0.5,63,b4724443bbfdae320e205b4fcb6ff91,265.3205608316099,2006104620c839fc93ed14e61858012
0.5,64,1b42868a6a0ca8c91aab1252a6d09c9,261.9293797953945,2b64453b6a583db0cbe698558b94b41
0.5,65,18aaef3a1198f288d8add49787aa664,261.9026536711684,0ffb5cc0ee5648aa55290f0f89f5f8d
0.5,66,6c260ae0ea01a7c3217583318ec0bc9,261.6677282356386,a5979a1cab999c158118e81aad88ff6
0.5,67,9b15117ca9a40470e32a7d2cddf318a,261.2891119048017,39404e136438d74559ecede1707f760
0.5,68,625ac8b59ef24464b3403d897bca058,257.97674313782625,bf212753d85593779ddacb5fa2319c6
0.5,69,139031b283129631f53e19a145c5361,251.90275901625216,b505ed6bfe2ac776071edf2bf94f989
0.5,70,5504acda0eff089f2c687572be618ad,251.09360804289705,a6f50344314599b86554f245df1da15
0.5,71,767141e56543c4113ff036e0350a443,244.3378808126157,9ec38fd07fd9e254996ff618e1065be
0.5,72,8c2dbb4f95da9c3f84063736575a49c,244.31536996267755,b3101e39baa908e1c7471813fd21bad
0.5,73,dde588db6717b1f2c88d3f795b24a9c,242.33241632105265,39e08c340805fafd15a3e31885a77cb
0.5,74,79facdfb3685c6d56fc4318d29f5264,241.32965006397367,e3523365cfcd87098e8c4ff2a05529b
0.5,75,e8be112f53e89a4fe9ee61b8fdffb27,239.4577206940716,78882b35b1fd5fb663b03159d86ecdc
0.5,76,b6960113762ee9ed8bdc64c0ecbf97e,239.0188277102873,8f5826ea39f18b6795b0a008f62c86f
0.5,77,8918a8cf6fe85287083d6cfd6a0ea28,237.2214155593883,c0c3d134827038c65f699c55e52b1d6
0.5,78,d0a8896738b694fb39fd38407f8df74,234.69767787517625,f10b78da1f1ef3388cec436ed113923
0.5,79,50f15736bd1829031c158054092ba76,224.67977212023337,ee323b041536b556bd8d529e6d22e7d
0.5,80,2a6e795468719006f87397ee56da3b7,222.5601042415284,99d31411a219f104f6bce8d4e4d257a
0.5,81,d49d7a283c3b625c3c9f59ef1202c51,220.08634669147472,e4430de6eaaa82875149ee0871a87ce
0.5,82,721742069b3bd71f38a8fe7a9f59598,219.90907211845536,2bca545b117e40e0ea4209dfa94af8f
0.5,83,fbd6a787aa6422a019e623956424d5f,218.8880992653552,2aeca9c6612b71c432c28e528816e8b
0.5,84,d265be66c550da7ab15cf51a36944ef,218.41474309212737,5b0fc539414cf11ccfb430d6a9ff9c7
0.5,85,c2f349e626bb5f2f3708744f0349e2e,213.7662274541982,2ef2394a7f53963c3d2bd252f8e9a21
0.5,86,d0868b6277ccdfbe332bc759ccf5d31,213.3682263131041,824b09d63715e0be4869496f3172a0b
0.5,87,02b480aaab6a19f47900d18111a1a7e,210.0,69300142fa939feac0f0af2e4aad887
0.5,88,7e8cb31f1873b314a26d81aedce487f,209.2844953645635,9a08c662465a1d468dd64ded1f257db
0.5,89,316260fdc1c34556fcc4f0db55ad1d2,207.2293415518179,3a150199c3cbd0b8db66cc635b16812
0.5,90,430564a0ef9077aa3e3f25ac96f0fb2,207.1810802172824,0ed2d49a37f51faa497f5269863ee68
0.5,91,dcc954002776ac30bed9c58fca3f8b5,201.73745314145316,2b6ed2b8cf8785771777a39a5fbce02
0.5,92,562878b41443edec73bdb788cb937bd,199.69727088771145,3e8439875534284896d80a298624fe9
0.5,93,bb62bc45d54ae6a9716b6f6844bb88c,199.60711410167724,a89dc386bad3ec8ad64aebd2cb772e2
0.5,94,cbead96bf473fe540c206310b9d37a7,199.43921379708652,8d2899e140a0a8280e01769d69cc59f
0.5,95,6bd74699becc0ed8fec75bfbeee4360,199.1682705653689,257fc040a92679e948a4c0c98183112
0.5,96,c1598caad80fdddd538fd01668f276f,198.35826173870348,a979b970eab59d257684060d529cbec
0.5,97,544877cfb41c8edcd88576c2426036d,195.9744881355734,aaa176af2273b43f63cbe6e17db6cee
0.5,98,00252026ab81b4bad8d9ddbd1ecd5b5,195.6527536223296,3b42ae2981de0ca39c0f1de17020829
0.5,99,809701b78456c8c9f7d3588769aa0c6,194.21637418096344,b2ad9a7e727fa87d56e82ff174e20bc
0.5,100,227cb5909cd744fc312f8d36afcd238,190.09208294929067,0ff4e17ad3bc7f00fa25b287222b0e3
0.5,101,10ef2f35012a66c2e7b2dcd5f3457f9,188.904737897174,6c4e83d28583dba7d5a9092ffa840d9
0.5,102,1a35a2f3dbb6795c83d170f8122159a,184.82694608741443,beca8f979c16841f2c963b00233619b
0.5,103,a7754d1c54507a9547d94bef14f201f,183.5810447731465,399e0d63494f3c347686f26483b1d7d
0.5,104,fe59a5cb7b45393b77b32f58a8cfbaf,179.2986335698072,c459183ddfd7010bc51207f2355ecf7
0.5,105,a58d95246f2cb12d52f3f4f92163815,179.2986335698072,930379c685e14e8a29b1e7c6ba9b950
0.5,106,eabe439925b20bc73216f67557d905e,177.65978723391515,3116036b00d464eee673b3a18dfe115
0.5,107,e021fb3179f48562a05730537e21233,177.46548960290843,c7c9cfbb7ed7d1cebb7a4442dc30877
0.5,108,622a3986861df71bbe10475bc8942a7,176.81911661356077,266f1f91e3723c8467a376c310ec48d
0.5,109,15e90a269741926d921d56808701b44,176.7314346685388,4a99f33deeb82efe2d7bc3ad64ad042
0.5,110,b8680e2128e6a98b6ef5b2f3c3e08a5,175.76973573399945,f0c9ab7b145e52bd704b1958887bc15
0.5,111,22d983b5dca93ce1bc051d4fa2ba4ae,174.46489618258454,c7e126a014bcffc274a41394acbabf6
0.5,112,54354dc87fb5bc540e773cf9d9c28f7,173.6663467687393,04510988c0772af8d4d5969624b262d
0.5,113,22fba3d537dd1b047da3d015f9256b5,169.6525861871843,750fa4c467523a1e22fcd282254bb67
0.5,114,40ef3fe59fdd3b0be4810d545fa6282,169.44025495731526,430d79993863cc48291464a412841c9
0.5,115,d4656951c837ecbfa2b322d62c4fe04,169.28673899629587,a58d53c9c0de97ab8f965094097a9b2
0.5,116,a221ebeb29cda22bdfc862311d27fc0,167.15262486721528,44ccf8e363a09dfb26d35c7124d86c0
0.5,117,304e30f76286fc330102fae6f37fdb6,167.13766780711043,c46a5b06de4a4fc83f2a1da157d1de8
0.5,118,070d2d524a4a5a45b2b6ecacc25a9dd,166.4091343646736,5fe151a33662dcc82b897cdb6912762
0.5,119,dd26b3f3001558eb322af5410dc6c85,164.80594649465775,d86d137da59f62e587cb8c777f67c5e
0.5,120,ace9c769a58f25139040dd3d49e7ccd,163.80476183554617,2fcc5c5c04f976e74a5fd03dd8fc663
0.5,121,4a15c4c5b4302b01de8f528f2232291,161.88885075878449,f35cbc2e312951c9d05c9256be85059
0.5,122,2dbc6ea63b56d61286b157d479b91af,161.4930339054908,00f8fa3284a551068881aa29403261c
0.5,123,9ea19d85f44d8a2d8866c6ab42e9df1,159.50235107985085,f62c288db65d77e1730c3898c70495a
0.5,124,7b9d69afd2e5a1ed5f5d7db4eac4244,158.36666315863323,acd3e14e537af37ccff9b5a139ace88
0.5,125,e7c8b9f087c54a9628ca0d5d0341cf1,157.1686991738495,e71153e05ef6e9eaedfbb8ca5e4d1d9
0.5,126,d8219860e354d251b824df25dc52e99,156.8438714135812,00efd5928bd08d923411fc890fcc9b6
0.5,127,f018a4ff592e345f2e672776ede7aa1,156.74182594317318,105040677079c9c8ca863ab80c5daa5
0.5,128,648cb0d1b3a987db23fa3c95c8b14ca,156.2113952309498,f01f257799c47101ba6d3832614b290
0.5,129,59c3fd30e29b5a8826a00e4a235a22c,156.16657773031974,63a7275c564b31495db6330894c3650
0.5,130,0859e5e8efa457b50ebc535cd5f66cc,153.94804318340653,e48ff358f638f314d7405e83a941da0
0.5,131,e6b84013ffe8cdeda31434218463971,151.94735930578062,f404f02c01d3fcc3733ce02dc0cf9eb
0.5,132,9c29a0adc6665a98cfd262d02b6416b,150.9768194127827,39a8a5aa56257fb5e97bdab70789b16
0.5,133,fbc314ddb213097a6ec41f43e4332b2,150.83103128998357,da5946a6951e91980cedb9e17073506
0.5,134,d6415bcb47d1ff549379f3ecb2d1832,150.43270920913443,5420712972218b46e3b8deaf18afe40
0.5,135,39e1dd89e85457989661253a699ea45,150.3994680841658,2a00f3d98c2508805a42604aa4edf48
0.5,136,eebfe80f5753021738a14153ac07102,149.6996993984958,3fd5d88e8787fd2a5f6283d3574b7a1
0.5,137,06c5ee1306df2597415dd5e9e88ddb1,148.77499789951264,385263c6ac78cb7e9f93e08865a997a
0.5,138,5c3282950352239486c8d2b99b32d37,148.52272553383875,c9fcc11871160d7a1ee0f92ba928b00
0.5,139,333905310e5cd10c0cb22590c29d94b,146.9693845669907,6c0e5f95bdc93cae94e20107c367026
0.5,140,20b1a013068c325da14192f40d40b69,144.72042012100434,4c6c8fdac78d4359ef6c949b61b5dd3
0.5,141,31ceafa4a0c1d114d3bf9576910d431,144.65476141489432,77ce93bb5df090767439208bfe72a09
0.5,142,769cc9b5f94e0d98b740c5269af90e2,143.48170615099332,17d41a1f00e7099106e36f5f3cfb83e
0.5,143,6cd7dffa6bc682ff2f135bb30312f17,142.71650219929018,4f05ac5c168786d139d755cde38e666
0.5,144,6753017c07ea8a1d056b55e37da3b9d,140.71247279470288,b6cbb1c6ce27f5643e83c3504028d97
0.5,145,44353812ed0ac70ba32f62f0ce64d89,140.34956359034393,4a794804172b720fd23239e1ee8228a
0.5,146,0e578cce44da2c6948674f4bf66178a,140.28542333400145,904504804e9ef3f8c7f56eabbd9b580
0.5,147,6431e1d7cd8030e75eb794eba20ed4b,139.91068579633222,536f3195c518028c3ca29e842426b67
0.5,148,f46c93321dafe7445326ccc3a6c02e8,139.34848402476433,1137d5f5058b7790e3cd03f06118ded
0.5,149,2c6244b48d2a7f3234faf3b4e3ea72f,137.83323256747627,25428609c520bf78fe64a6a71b55e4a
0.5,150,f49f6dfd566b89a58fb7b68d3765dde,137.45544732748863,ed0e584d93dddb4a480583d6d4a598a
0.5,151,0417338b937f44c98478ccdefb60036,136.17635624439362,1e4ffea0323fcd177bbe8feb40f3d3c
0.5,152,5ddd5fe48b1848b5214cd4d9b4c4f40,135.4916971625937,d3be3eec0593e0c120bba4d1113ae4f
0.5,153,349d15b8d269f8ce0d2f57d5333ee4c,135.23313203501573,eb21701a31e968aabdfe873aecb5133
0.5,154,634fd09fd4bd715980be3c99443636e,135.09256086106296,6c194b5596ae413bd94f3fbb82f407c
0.5,155,03179302cd7caa5ed9c98b149aa6286,134.32051220867197,a0b57064fc02cccd62fb6d37a51936e
0.5,156,7190075632369ec9dfabbcc4289e153,133.60389215887386,e212d9d78437f877bdf31b0e857fff1
0.5,157,146415c01160cdd2a3afa45ab4a0c76,133.49157276772192,9e136a9b3e85029c73f6c8c01cc6184
0.5,158,b97c2cbdbf28f40ceb16497b495cc62,133.3566646253572,639c02343a293dd8c9a3bc46bcd7bda
0.5,159,f88355d9776f82e63e39dde1dffafce,132.38579984273235,9a0fd1ea15fe4e3f94b1bfc0a832199
0.5,160,935989802452918c0d440c678854763,131.8142632646407,7fbb4b495f16a0a796608752b686809
0.5,161,6167c9effff4e454671ca5c63506131,131.4229812475733,67ac72bb313ee89442c4036f21fed30
0.5,162,deddf7479b618d3780e78764c13a5d5,130.99618315050253,81b05d3f01c9c7962072991a41ffe30
0.5,163,1f8ee92c629be7097a900c52f5101ef,130.93891705677115,7f74af255582cda375182d79401b926
0.5,164,47663e83323a2e8b6a9d80d5c058688,130.75549701637786,d6bdc7e82986c7a0991a19a6b6580b6
0.5,165,458d8eb9ec6ec90089a3aed20c18a72,130.45305669090317,ab2dee09839b191a87ca406af65c100
0.5,166,e1b4a91981cbad08c6d4f01c9bf77a3,130.2843045036508,24b6460a56cfeb1117ee835493a1d13
0.5,167,1bf2fa7956290fde70908d8ccea4a2e,129.89996150884727,e2eb1394cc60e59309d495eff14bbc7
0.5,168,936cff4669def88b3e4fcbde754a33f,128.89530635364503,a2eaa5f8a64a2370c5d57ddd103362d
0.5,169,f4bd636fe5cd352fa2a80d1ea953ef8,127.9374847337558,58129ee49bef9c2c8e19c8d32c4d510
0.5,170,8e19ecfa87c72d580fee9964b43a73d,127.80845042484476,05d2439dff40a872de929c449fb2d55
0.5,171,d1af002fbe72e9b890d00385cf31dae,127.68320171424274,206be48fda2c79265604b0520c8dc6c
0.5,172,16f4835b9e019bbc5977fb5695206a4,126.475294030099,b05a827693010582112c311b3ed85cc
0.5,173,d65e0221ef955e03f4c28886a591335,125.67816039392048,68089d415091f6600c195d528d697b4
0.5,174,c6db33485fb82095b30f6d301fd70e5,124.49899597988733,d77f2766084a9e0048605d87eaf13d6
0.5,175,e6fee0e2af4816c8a36a2418c098525,124.33020550131816,f9886ee976d25b32a6531aff9a485b0
0.5,176,ce4818968cb78dbd671763b0102c00b,124.2095004417939,73dcba52705231c2adf66b212bc0d23
0.5,177,4eb190e892a707f0fb7b4e4ef592941,123.97177098033244,706f80fb5bde61f0b71aac1b163ca4e
0.5,178,73a4d785450aa3dcd90b78657e980c6,123.596116443843,9bd275ceba556620c2ba42ee3d04f76
0.5,179,a353f4092f6e66a3fdb549d77c65a6f,122.64583156389784,25f6b5da7f802c85ee9cffdad8d7b19
0.5,180,3f538575a1b68aa6a3b2418b0ea1ae0,122.49897958758676,830b2c15b048049e76e146c55f875aa
0.5,181,33a8071dc0ada043a508355eb6f09e3,122.20883765096532,37cc0548afaf46e9bdc24a6744b9b2c
0.5,182,620b07eac9122d247c2dc74c2116dbd,121.93440859740946,1c209e534be39dc700429da8b4ed23e
0.5,183,4f296a589200d3b8dda66e43d2f6417,121.89749792346026,2bb9c5865efb09f29149b0a15e52844
0.5,184,f956ddcb43fe5d47772dcf0ab37ede0,121.6675799052484,023827a9258b8e57972aaf3be218271
0.5,185,e0059743435faecaf202d6d70a4e6dc,121.51543111885007,bee531bf1db93bbd309d0aaee24d8aa
0.5,186,785f1e5644bea38240852bcc3f28da4,121.4495780149112,22f112cb789c41937de7073729fc0cb
0.5,187,b1a2b3fd6bbfea2768b8ab471338d71,119.99583326099284,af1631dbf2bbe97a98c727d1e9571c0
0.5,188,a241074ed6c594feba6d5a73b5253d9,119.93331480451958,f4b457e44b9c9af5ef0a617b9de98f6
0.5,189,dcce737fe0c0c66051ff0ab36c5ddea,119.14696806885183,09a84118a492e12fafe75e5a91b9e28
0.5,190,4a63b8c4199ddecb9e2a29f304b18d3,118.84864324004714,2cca1dacfb6c67e3b8ac52317f184fe
0.5,191,a705b273f63ee48fd89ac1cfb437b7f,118.47362575695908,39114ed9fe2f1965243dd998e85fa50
0.5,192,c129f09044de8f6518087924853643b,118.1482120050913,9d452c4f9f0c68342f70a895ccf769f
0.5,193,2ed97e038bc5a73bda15996e8d89f3e,117.99576263578282,2cd1301ecf7f557ab808bba3caeccb2
0.5,194,16132b6bf5925382fadf8bd611c82a3,116.42164747159352,13c40ce0c0e9ff1a2a9a57f2477e8a4
0.5,195,8b7d8a39bcc304e0e6eeb83d4d99e70,116.413057686842,aafc2211a6f6eeb8d34f906e466d812
0.5,196,401d4cd8b2729f6b9a4a3b6371f2aa1,114.93041372935188,f60e2998b28e7287913913b89dd56dc
0.5,197,5bf2acf3f16f601b9902914438bbfc7,114.0175425099138,a2d5e9180c095e2f7b491f5fa954f2c
0.5,198,e1be8f2f88ed1c7a42024f2a85c8552,113.01327355669332,b11e2154cb86edaeb6c4f80137016f4
0.5,199,c8e7118f22a6912e66489eac928fde6,112.69427669584644,930b1784ddc0f49d23cfd94d5560fbe
0.5,200,639aae6f21e24a40c74cbcaa1a0a8c4,112.12938954618454,f1c1766dd249f86ef733dfee237c9c9
0.5,201,0e7153294396eaa30a3b7ca37e5ed6d,111.92854863706576,748b25d83bd9acb25dd6fcb31878cba
0.5,202,163f4867ce63e9563d39e5fb8522c3b,111.36426715962352,ed7060785bbacd9bfad993aab5a47be
0.5,203,9fa5dfb7349ef1850ac21f7fbcb1be4,110.8873302050329,fc576834ad124a8265393c74d4449ea
0.5,204,5c9bec3ef19309e683e2856df18a1fa,110.77905939300982,fdc460e39f9731653cbbf30cb05b9e2
0.5,205,ae6445ad7e7f306c64f2bf899d68e2f,109.61295543867064,c840e0f9ada00a6e3179c3cdb3073b3
0.5,206,eac6103b28594b26caecdbe471ac912,109.26115503691145,2c3a5925772dfabd792060399a4e2db
0.5,207,2fccd03e5c2bc4b348217c2523b0ba2,109.08712114635712,13b48feb05ee54b495a21cc54a14ea7
0.5,208,8c9aaa7d17e5525641d01215dacde8e,108.4066418629412,65e7999b08851d52f85f6bdf7bf1201
0.5,209,65c021258b679e29615883ec4e9954c,108.08330120791092,8e617358cf86c2b4ce01ad8309d2ac3
0.5,210,0f72bd2b7ccb47849d073b63aa35ef1,107.53604047016051,873f8b51514605e894a6368a1371797
0.5,211,315bd3a7bfc34a31cef1742ddf413c9,107.53604047016051,73889544aab344ec2cd3d069370c419
0.5,212,2cc6b75220a8c2457652a315282c978,106.92520750505932,b0df5a08aeb0170818152668bbe892a
0.5,213,c7fea299f167fd42b175dfa4549bd59,106.88311372709909,2351a81128f15aa7f9f59f71ab65466
0.5,214,d4de595f60b7ef8be1716e4f2f8f8a7,105.95753866525968,00f01ee6f00a8e7c86ebaa35ec63fda
0.5,215,cb04f88c83e078870af3cf21f9885ca,105.48933595392477,e08c7265d538b4a3f674a6e20ca202c
0.5,216,c5c14eabb90e2328b0cbaeb64a9ff1d,105.47037498748168,d50ec9f64a71e08cca4cc6f8f081f8d
0.5,217,fa8a324bbbfcd5fe74dbc9fb00603a8,105.29957264870546,d77c54efe4c9f36f88cd1fe4cafcf26
0.5,218,d3581abb1b0cfc3d8d887a481ac535e,104.69479452198183,32db46919a970445d75bfe510841a20
0.5,219,67145a59a8de791db68b670440d9a67,104.44137111317526,2c891f1b5a78ee588d331b796fb9f99
0.5,220,c6e3f8c56d537e0c94e9601c299f7c1,103.97114984456024,c9a87b624c92abe9de90ce1869cd269
0.5,221,6121a214990672d48da079af68fef9a,103.56157588603988,d39bdc5cf91f0b0a4d8057d640baeeb
0.5,222,5e7213ef2299f19b7ebe563d82f8542,103.440804327886,a3fca8bd6bf01719e59ead5eba62a09
0.5,223,ceca5b38fc2587cb401f8b93b19a1d0,103.3537614216338,5c11707b0022ff4fe1c6fbdbe99e488
0.5,224,17c98b7d76dee048f5894b98a4cdb9a,103.2279032045115,1f90f43043853ae531d716c1eaa2e2b
0.5,225,7fd74ebf888954ef3ac86e58c69b573,102.87856919689348,2611bbae73edb2025ad94dd07c02afa
0.5,226,57aeb792e9b741558a58883e89b57bb,102.4792661956554,d7ff4389a7479602fbaea0b4d47ab10
0.5,227,f47a166dbdb046843b19857e78b86f6,102.1763181955584,c3a820a394993a85b410ecad4bb3c79
0.5,228,34a666cfe6044e6b4371c1f72e44756,101.73003489628812,542fa00a959763f789a289d64737acc
0.5,229,207871b85178a11e6c4c430e12156b9,101.68579055108928,f89336c212a6d0ad220b7fcd73ec1a3
0.5,230,ff7197badf6dea53a8b57ba3c4fe7cc,100.43903623591774,d5ba85e37fa9ec268b88d0a73d0ddaa
0.5,231,b71efbce5e5e3a7ca74e5020718de59,100.43903623591774,91bee4c36a15b3eefd5ad93a828db29
0.5,232,1af6366c349964f19a705170d670d35,99.95498987044115,79d374b606c0b57d7a836b0f472c426
0.5,233,5bb232d8abf5b0a565f4fcfe40a50d0,99.55902771722911,af53123a6dbf2f8c51e4b67a41b33dd
0.5,234,588d600ce7af52ac350723c470a5440,99.3981891183134,c6d6fb0cc51ba37a54249a18316aa32
0.5,235,0feaf3723f7158ffb4bc71bbe0e1c80,98.99494936611666,4a2f145b692cc2bf3eca5621032cf26
0.5,236,d4bef3d652b0268de0edc7d72f5547c,98.97979591815694,bb1e5cc96f8d81670469ee0cd7d72b3
0.5,237,288df75e04f4cb7fd8442f89f0bd415,98.75221516502806,acd50bd6cdeee5f66927535f0959728
0.5,238,d14576ee7f92b3c70437af5e286f6a9,98.46826900072936,48f9239bdb9252df4f81d09cd103bbd
0.5,239,14123fb8909d33d3fcd26219b6e2312,98.1631295344642,3c565bf3beb53bb9db49f6896e85690
0.5,240,560c66f3b712db654bb3440622534f5,97.99489782636644,80635416d177ba35ef2dac0f8f53778
0.5,241,74c02ca61e4365beb4e6813cb18022a,97.95407086997456,3b54a8b916a3d4440e00e0a13c47c68
0.5,242,86e35ad5d66dfd18e673127af34174f,97.49871794028884,4f2ac70c9a4e7a8f2182c89f25fb64a
0.5,243,16c8cb9cdde05081a0c6de5c342852e,97.12878049270464,0620a389a72a3f58667dea1f5fbd5b5
0.5,244,d83db1375a02fc8d02ce56c2c071d5c,97.03607576566564,d38bd44837a620e6b015efd44162ef6
0.5,245,07421b0b2313c7c4b1eeab5e7e2d005,96.91749068150702,31f8503b41b4dd8171523c986521b5f
0.5,246,c487abd5e6718e0f102b1a368ea6e3f,96.6695401871758,8fc708a24e701445110d4774c3be1a7
0.5,247,aca0e1d15abe1f1041eee7ea5960492,95.92705562040358,77ebb3321fd6d78286f93638c9ee209
0.5,248,7bd9da69588fc90791474846897cf74,95.34149149242424,8bb31a0d02716bad1e7d94e50e2a9a1
0.5,249,71496e31a450e9e4e563549b9d781cd,94.75230867899737,78114db20082601c4015e30d4a3c8e2
0.5,250,06603cdc06cf34fad29efaec4d9fe15,94.46692542895632,046bf6c8d805c88cb6d193e5b129c6a
0.5,251,8f4ac621791823370a019886a382eda,93.48796714016191,2d9277c4bd4e4ed0426dc5223ba7fde
0.5,252,a1fa58cba9f832a14d02374d6b4a6bd,93.46657156438336,9d734eebe97ac45dfed921d54ebd1f5
0.5,253,1d901fa8c178e4dfd995a2b68738d37,93.43446901438462,1f0089cad987d5c2c87ccd994ab1dc4
0.5,254,92ec7e0fafc590160bd10beb3ecf4cd,92.79547402756236,8dbdb60ee9f47e4b878256cad974a01
0.5,255,9e47dbe0fc3a0735eb569c64fce2354,92.46621004453463,c03a164fa2c5d3d09388e629546c098
0.5,256,328f5d7e6630cb8f2acbe084672101a,92.46080250571048,4aad534d42a207e9c2bee6fe68d3381
0.5,257,345cb915c8d1b663da5c275d1f93945,92.2713389953782,b34810a14615dc7989ae084dd30fd3a
0.5,258,7d2a5861664c528f0d826174f8b6e41,91.91300234460849,7961e9da126d4fe40b6310009165ff0
0.5,259,1317dfc57e5b007488ec43c8e146ba7,90.9505360072166,d96ced549b448042e313fd7a15a09dd
0.5,260,e272151d346a9f2a3dee2f456ba24ad,90.9505360072166,c0275fbb56416a0f5155b5e6d622c79
0.5,261,1339edf0ff83a79ac89c049b96055df,90.46546302318912,d0199f51d2728db6011945145a1b607
0.5,262,cbe7442f3a0d42508f3ce46860dd2cd,90.38805230781333,2a96ac679af444db5dd264ba1cb0455
0.5,263,af6912324f86949224c547b2cdfa755,88.99999999999999,be795cfa0e27c3404d9b90261079d52
0.5,264,4f260e664e4d7ebc8c95ff2804f1a4f,88.85943956609225,9c47a7263fc9113cbd7e3fe0d56ccdd
0.5,265,74b75de70e3a51e793cbb35248f0aa0,88.46468221838589,d278c351296613f938096c300a66c38
0.5,266,63ccfb3cf24f6a7dd5eab2c6c9e9b8c,88.32893070789434,952a1ec59d7a14b44035ea5e75161e8
0.5,267,559408f3795f2f81e018a6b78dc247a,87.8578397184907,cb2549cf86dc0ef4e0608f1d9720e1d
0.5,268,dc1c8955f865b20fbce92149bb8ffc0,87.79521627059188,ef16875a8b3980849d2a3c076bc7b63
0.5,269,359403d47119ae814c86f649e0e3e2c,87.42997197757758,8238c5949081ab97f2e5f504a455c5b
0.5,270,e479947b4f20b669f348fa2a5a8b24a,86.72369918309528,670a02d3961fbcb0ae5097338a8a258
0.5,271,7bb786f65fcffbbc133a831aa80b5c2,85.5219270129012,4ce08cdf28926abe52c9eb406150213
0.5,272,5e56187245fa3b097cc2ca87f858cf2,85.49853799919622,646f1fa46e35f10e81ff81037b0ff02
0.5,273,0240af94bad35e3252476f903db9434,85.42833253669417,2447d5b09193cad991e7805acdedc71
0.5,274,ec0d128af7fae331cd3883ee77b19bc,85.42833253669417,6d894848ae632946155a1da6714b2d0
0.5,275,29a53ba68970bcf580da36c7f24b3d0,85.27602242131137,ebd47f222f128140ab09110966958b4
0.5,276,65f4a18b42cd03bb0160fa9fd4669a2,85.17041739947035,6788eac923b3f7e195921d15a38d9f0
0.5,277,13d656dc99312086889e0cfcdf67c7a,85.17041739947035,ae64edb96290bf20019c3d51d9aca53
0.5,278,d6c5d9c5d69a35b269ac5c347780ee0,85.07643622061282,3dd9c520e5591826ea9b9c49bf33b22
0.5,279,a972039f5a00914e5418fcfc6b2f38f,84.90583018850943,587f209f0be6a0b23219c611066a511
0.5,280,ae541861dac8af7379e2d4a1d03230a,84.0,3e03b8388ce377843b40676515db44f
0.5,281,d0278628bd440539ddb4dfe385b6c35,83.8510584310061,e6ce90947af87debb243f7c129b64e4
0.5,282,f8404766ff519a90abfcf72ca3fe0f0,83.39064695755754,6b53150b0e0fc6ac2cb47379e393696
0.5,283,5883fa1c3c7c65d40330e76053109ac,82.90355842785037,e0b8bb00875857e0faf47d2ec3788e5
0.5,284,1a702fac710a6c65e5c251fd609387b,82.82511696339462,153c3b06284ebc09bb203c4f83127b6
0.5,285,5cd893cc85cbf19001100e422f3933b,82.42572413997951,c8ff248056592d21f2bdcf688e91a85
0.5,286,938d959f7e3cf5fbb1443eb51cf20fd,82.3771813064759,dcb31b2c3b9a1f7b27966687987319e
0.5,287,9d5ea8fae3616b51e76df7cc1247328,82.04876598706406,6b34fe24ac2ff8103f6fce1f0da2ef5
0.5,288,e59cae08383ea9019da93972eb4c10d,81.99390221229869,ca388c5fd3f7ac29c7ff4257774ec68
0.5,289,216ba2b9add5509dff05200f8668480,81.97560612767678,2eefb6d858a1638f88f2ca6bbd97593
0.5,290,c137cab8986751b0317e5e0c8b50486,81.94510357550352,9106f7ecc8528164b063c405f29389b
0.5,291,9f3cde025a38748061a3040f98b0497,80.99382692526636,0eee69d09aed58fec196935939e22b0
0.5,292,9500d24e9b737de391fe731ab984c8f,80.99382692526636,9fee148e2a34eed8f57b309f64783ee
0.5,293,857c03083ca49472245d0355e9b7838,80.84553172563096,9bbf390cc23b3e74bb78844f829085e
0.5,294,4bee50c1b19a6775ed0695cb3e5ff8e,80.84553172563096,ba5e9798e7b67d204181617d6e71af1
0.5,295,7cc0aff29546f13d32e98c6e89a0fdf,80.4238770515324,f4c904d2226d92459332d7c8bbe6b15
0.5,296,b16df6cb47a7fcabd792194a9a59f8d,80.01249902359005,b419cd3583db307d017bd87a045b5ca
0.5,297,f5319cabfa24ad64d779f3f14866026,79.69316156358713,9b6c17e81969d43e3a7c8106f5f7da7
0.5,298,1498210d0dbf9def16ed8de9d2f837a,79.49842765740716,afb92311340b6be40a41042623fa252
0.5,299,e8a970545c1319b5b00adf3c347e3f6,79.48584779695062,9204f598c7bc552b7efae7ecc99bbb5
0.5,300,22801faf00094613db254728650cd4d,79.46068210127574,f309892795ae78b9b23b0ef5815d040
0.5,301,45bf95783f2f48bc13709e7ec18c943,79.46068210127574,c594aa4463e29d22cce9d11da5866c2
0.5,302,b335df8e383bf7112acd34c10b49f42,79.42291860665914,5d38fb335f70254c1bad97b6852c839
0.5,303,c210e0c300bfd6e8e9ed628e6fd7557,78.9746794865291,942f4e823c77b2e0720064f924b269b
0.5,304,7956bebeec8b01237bb18ae1b2e762e,78.689262291624,77d8e5eb273c57f95d807d6b34aa911
0.5,305,4259fc9dbc5dabbb66ee1795461b16f,78.42193570679062,1058fe2ba07bd669f3efa84967e358f
0.5,306,db1822b35eab9a41754c3fcd260bd22,78.23042886243178,765be11426c6ce117f447c8e542fa39
0.5,307,45ab641ad044310ada511788824649f,78.23042886243178,11968b89aedba38e300c73cf3b79699
0.5,308,6345ffc91d88b1e2f74919aca712b5f,78.1728853247723,a606c6aa7bd2d81e59d1a3d2b5a229f
0.5,309,18af8141589f2734de628dfe2500fe4,77.92303895511263,b53ffe423eab6c967d9674b64384175
0.5,310,a48fd3e217f48241005a5b251bd9d50,77.48548251124207,7af50f8eeb847716cfea3479a93ed66
0.5,311,90422b7c9c88d38b31ae56466946303,77.48548251124207,d41d8cd98f00b204e9800998ecf8427
0.5,312,9e63322bc08c082c0c6d0f614760f51,77.42092740338364,6140361cb7ea398356d8d6fd9193fee
0.5,313,93cff97891f455fd5744874704a4dfa,76.97402159170326,96d0bd27badf655b6799c030c0352ba
0.5,314,449d7dd1e5c5671c9828f01f171cb70,76.48529270389179,50041b9c84e866b91e530d0e3902aa9
0.5,315,d57a559845b5c4f48c8c62fa38c2f6b,76.4591394144611,2aff652481b59faf8ae756acd3f0d29
0.5,316,c6896ba2a8d63b4d042c207be38abff,76.36753236814712,8b0b1e44d9d970dbc15ca9cc371dd5c
0.5,317,41a492d049d1d3a8b500c9cfedd7b52,75.93418202627852,38e5ef83581d67a9a61c3ef5e7ea069
0.5,318,1a4f4fce347ad8bee8fb8da93f191b0,75.46522377890362,abca751028335509e111d0fa093e4b1
0.5,319,21863e5f6494652985a07862deaaf30,75.2994023880668,f24fd1be373c63e4e650d0f7a7aea5b
0.5,320,1a53e43099dc5b84db501718c7df891,74.49832212875671,7483b5fe6460d7e317aeaa4e12b85de
0.5,321,811d7b4bba91dbb34e8f1e785f96646,74.33034373659252,ef5ad64278bacf6042725c970ea85a3
0.5,322,2d0b9c6db867dda8131db9a27f528fd,74.29670248402684,149678cefbe1d9effa2e870cb8b7826
0.5,323,fa83d7a19cb15276f48037e9a39d3ac,73.97296803562773,21026c378eaf4ad3fac76c24fb4ce16
0.5,324,6346fafc840ee6bad81f1ac5a6c767f,73.29392880723478,28937b3fd21f4eebb242a14d890b414
0.5,325,a8deaa4d5150e508cf83905205db5bc,73.17786550590282,5a81d7ad02116e7ea4a2626c123491e
0.5,326,6fca8fb1ffda4da24740080b694bc2c,73.00684899377592,243cd13f7f060db7462306b4f051a7a
0.5,327,44f8a11f3e213bb5a808648219fa353,72.66360849833981,d32dd5a47a3b37afe3b6f3a987ec23e
0.5,328,d076afcf7da0a2984c45f85fe60a5f8,72.56031973468694,a0b46dfbf98ffcdb720ab127436d5b1
0.5,329,02f59d852ec91c2e6b6c9cff1e74fb4,72.49827584156742,1880880b44cb8a9c913bbe6b0e366ae
0.5,330,0f81208ca26e8cb6b84f1ec63d3159d,72.3740284908889,af3696fb32af85f1e95e2b29de302ea
0.5,331,24de0e565b9d901d1b8098b7fc587b2,72.2080327941428,78d9c2c4a4d9bdf45b9b7945b4a0ff4
0.5,332,a0c44e76ff54657d944d86c1b45ddba,71.82617907142215,b971aa831c9724c3dcb1611956630e6
0.5,333,23f4ee2224f162d654907ae2c7a5eae,71.48426400264606,6d50f2d9407f034a0b82661abf7ed9e
0.5,334,18eedc8d18a7519326fb31d7840107c,71.45628033979938,683d3493d7188a6e535cee50641e07d
0.5,335,54388fa0268fc7c11315f9568f449ca,71.45628033979938,ebe18cda77ae08413c807024a636bea
0.5,336,c14140af0428cfa8eacd4c7e792b07b,70.99295739719538,2ece06d1dfb608e38924c5aa981a63a
0.5,337,d619dea2373f4a67f21520fde5e029f,70.99295739719538,d9bcf96e4769ed8d45dc387605d2613
0.5,338,465fd5b823ab4b1cf22c4032e006871,70.6257743320383,d79a6e4ffb287344a95491f7e4f31a6
0.5,339,4ac4a643fa43e5ed77c0d3369f17eff,70.19971509913698,1f92359540a1be8294cf9228bf6f5a4
0.5,340,60422cddb884c13132f85eef968a92e,69.99285677838847,433a5122ef6f5ee8908b9e26c4a5dc2
0.5,341,28ccf9de58417512944d228571b5de8,69.71370023173351,f11ba1197ab58007aae91805314fa81
0.5,342,45e156e5b7178c38d7aa9fe77183e08,69.48381106416085,ec8bbbc5b417c38c24d5f51af719ffd
0.5,343,1fa7ca23d4fecd4783196c9b65fe9aa,69.4118145563131,5c7130232e8db867b2f928977325064
0.5,344,d257e30f51c13339a450f0ec82c5f1c,68.99275324264136,ae80d195d598a476fd00714f0c671b5
0.5,345,4b77069263f26c778335a993a149936,68.81860213634101,338bee1472ebfa31108625940923bc8
0.5,346,9f89715d69d13ca7cb14e86066a31f7,68.70225614927067,d4f64c4438c128ae19daf1365282712
0.5,347,041b4d119e6b07360e9c01b227f1d3d,68.49817515817483,aff57cc966d73aa569f155ef6816049
0.5,348,cd4c8afccc3fa9c395cf81d593d15fe,68.48357467305573,dd4bbed32e0dc2dc8a45c09efea2424
0.5,349,e6fba727722131ac8b1905d52625432,68.48357467305573,2f29fa84a48a5e9ac81ffeff24460be
0.5,350,56d0ab78100563fe466a35ce29584c4,68.45436436049933,c43afd84bce8f46c616504371d66943
0.5,351,8cdefdfb89bd4208fa1309ef033a1be,67.81592733274388,0d150784328d521d4ecea77974a4ca2
0.5,352,c0efe0bf4cea5c977fc5acafd2ce9a8,67.4536878161602,bc2d61c8377525058244cc35060ebd0
0.5,353,967439142ba2be9bd2436abc0a4c5a3,66.97014260101288,5a6109864f0cd086a3d3a2d31f955e1
0.5,354,c50c23def3869b3fca03fe288735406,66.48308055437865,a3a96881d4b8d7086fbf1315869d2ab
0.5,355,a18f0afb9b6af3352758f3a0f667b96,66.4529909033446,e6b1d85b6b7cc0ef1959d94f0cc3e2d
0.5,356,5c66493f99f263c733848cc3ea6ca3b,66.34756966159348,e78d51fee8eeb431ca2aa9807d60190
0.5,357,a1dcd71b291e44e39585843d5a4202a,65.4828221749796,1eed08b2c09caacb9e7bfe938dbf550
0.5,358,1ccc22f4c889f1006bc216a653d8f97,65.34523701081817,6fe50de132ecd5fc244d0ab0a40eaaf
0.5,359,9928bba7855e4344cd0fdbd22b505b0,65.31462317123173,2f036306f07dcdb0a607634c6d9a239
0.5,360,d1a88a2cfbe88eaf46726d7ca728e0e,64.99230723708769,1a7b27392f42e384fdee7e2ffc8feaf
0.5,361,326e0c6db835b1bc028dbfd7cc8deab,64.4980619863884,fcf397e27bbe684ea01c7a8da30a77e
0.5,362,e754c5b94937060974f295ccf107f41,64.34283176858165,6e126f1a9acac8a3f745055279565fd
0.5,363,c0a0ef1de0bb6272c361aca0af64cf1,64.26507605223851,9f9098d14c1687964d315e86bce7c8d
0.5,364,38554fce763de057faf0b1587d0d729,64.22616289332565,1b205360c13c740efa706686b10a860
0.5,365,90b78bed9cd96bc0f29bd3f8ac555b6,63.92964883369844,db5af7bbe6542f9e2f1a05270156766
0.5,366,fb90acf75b001dc95a56c6b570ff899,63.57672530100933,495e3860753a107617d368635a7f5e5
0.5,367,e6579c1db24b3f0fc7eed171ac716cb,63.49803146555017,173431e739f5e1df70cdd0a4bae950c
0.5,368,3fa5947da4f4a11bbd179fbb7194123,63.45076831686122,94ffe9ec6d904eeeb37b7f3de58600d
0.5,369,4c1de2b80442913bea981424225c5b7,63.26136261573885,4835c5fec59a7dffc726b5fcd102913
0.5,370,fc7f102e60bda6188f994d8f9eed674,63.21392251711644,562454d5a65622df8f865e4b49b7839
0.5,371,3d1b58f007c1bbe2ff060aa75512d5e,62.99206299209449,e7ba0ab59145cfaea180a80002583b6
0.5,372,57991d325e56fd2ad7ba4061b36d691,62.80127387243033,208510b10a63a00b0b08ff134f6a89d
0.5,373,30adce0c964eb25a1c147ed4efbb7c0,62.48199740725323,cc9d1860f403b2af1da5f678fc46d4d
0.5,374,a39ed21b412a0ef1eb70e18d6f06fa7,62.40192304729078,b51beb6188d17fdb787b154c4407da3
0.5,375,eaf00b991bf3d03516dc53b7996ccfc,62.3377895020348,7ccd17908bcd8a74697fb460f0844e2
0.5,376,55063fb429f731e0548766e4fa36ebb,62.0,2bf58c4c17a75f3692f73009c33103d
0.5,377,b753064aef8b54845800c4d947d0b4f,61.4817045957576,94600cb0f3f07b06d0138849ddd3e3f
0.5,378,411bd02c96d5d6464cfe3b67e7229db,61.424750711744856,dac78ac7dbb140e8a2cc6c9b7ab7507
0.5,379,fde66f56c7e86e25c4f40c365c6acb2,60.991802727907626,6a89f196c8494939cdc7b8c9a17468f
0.5,380,bb0ddc80634671493e31377ce4055c7,60.991802727907626,43fdb131da7c5449f35bc29d83c1118
0.5,381,8bd619df67b77ab307ab2d6e8e7ce3e,59.99166608788257,279518056e21176d56050ad9a906149
0.5,382,56381aa926b29e07a38a76dff969a62,59.92495306631454,19b1c32ac14c529cb164fb3ce0e97f3
0.5,383,e4c14b4f7670ffce311719ea73a37b7,59.590267661758325,4ffc96edd6b56b81f4798641f5e5467
0.5,384,31f98fe45ee428dcaa3c3dbce721169,59.58187643906493,989b1e4ad4fbce0707f07c1e8b9608a
0.5,385,c84faad63a28ab4089a0c5206c25b17,59.49789912257407,6342c47061a2e7dc7afe40cd4b8d323
0.5,386,c0d73443b2c9a236cf3764082d3ae91,59.481089431852205,12e05af9290a066ed513494a489ab6d
0.5,387,320821221ee103974ecec7cf42bdab8,59.4474557908074,95f084b9221f72f4ae690b4888f44c2
0.5,388,e2006cd5c8976cdfca62ecfab1300ba,58.96609195122227,35d596766d9ca814cca1d96b2eb9921
0.5,389,fa9abcca59736a8fbddf7c3c248ea30,58.92367945062494,483c4bb631f15d78c5c6e740b871625
0.5,390,08243830bda775cb0e0d4e7da3edbc4,58.86425061104576,10efd615ab528f7585d4595f306b7d5
0.5,391,253fcc3794fddd6c6c27468faf17325,58.497863208838666,383d802a4c84af5ac3719276218bb91
0.5,392,a98a7792a8f9053af192f9d7bc9a186,58.497863208838666,7040f9fdffd1acba1c1bce07199150e
0.5,393,84d2137c45402ee21a1a192058ff1b6,58.44655678480983,65c92bca1191b78f9912e66cc9405f7
0.5,394,62aeed5835f272dd096ab5494b34de5,58.30951894845301,7f95a2e913c47e35b0cf5b36c961161
0.5,395,7cb58268f5ba0fd69616c1fe764ab56,57.99137866959191,ac37d218620913d0d22dc50e4ed99e2
0.5,396,aec4e83c3d3a8cdd0dcfd9bd99de6da,57.92236183029832,15d773ba90831493c59248b406885c4
0.5,397,46a5191921dc1357b61c55309f6655d,57.92236183029832,f914af6d2d3e9f6a80998e564f74e6b
0.5,398,235dd28a6c513d93236bab723a19792,57.78408085277467,fcb4e7519d00c2cae1cc8aa910aed90
0.5,399,507e288b180377a5c447b434d352fc7,57.49782604586021,17b7503a0ffccfbbc01f03f9a860003
0.5,400,7bdd6120dc7744d207e82c5ba9204a5,57.49782604586021,e841964d3b0c1e3440ef835c1013492
0.5,401,1dc9ddc3121b6ad08d759428662d0fd,57.39337940912697,a94b7783bd27e4f7974d50dacb73bcd
0.5,402,46f6811fd4f203c89052142af671509,57.39337940912697,0a5db25060a9a2feaf6ef56931f401d
0.5,403,3ef7466151250db275cbca1b1cb5638,57.32364259186605,c9c17afb54274ef51b0cc7c8211a9e3
0.5,404,bfdaf5883eadd5316dace0001408339,57.1314274283428,d0b33627143f60be5e6784f7af74e86
0.5,405,38033494b32d2055e83bb0d76d4439c,56.99122739510003,88af3bf22cfae50c8f7934e86783e82
0.5,406,6898cb4beb74055198d17cfa9ff4c83,56.99122739510003,dfdd0f87ad32024c6ab5987af2d7501
0.5,407,5e257a191d24325eda557166d6295f3,56.67450926121901,aae4a35a08b4dd850cde6f774b3102c
0.5,408,fd17bf9831e5f9d39a215293d278426,56.49778756730215,0b00b6ae6b6ef235a684642f329049d
0.5,409,d90b2487beb72cee212039751aa9821,56.49778756730214,4e1a451035b44272e9e4e7bd9efb344
0.5,410,07804a20b0f536f19c9de65382b3c74,56.48008498577176,a3e04a65945b6a7ae5092dc5f10c9df
0.5,411,87861b8b54847a18d953552cae7ecf6,56.444663166680336,d39ddafa1bda6873f9af103d9c80eaf
0.5,412,00231270549fdec25d10b1752579f59,56.39148871948674,02fafb67c8e0801f555ab0804ed6bea
0.5,413,081303eb2b865772ace7bdc350cb0fe,55.99107071667768,3858f2a49035e782b737475aa4b1753
0.5,414,8915aff1a15496e2299a1e0fc6577ef,55.85696017507576,5635bbdd99a3232452accf850b2b087
0.5,415,d5c91f106bd7fd3b60aaa212d0294d7,55.85696017507576,5226cb98711bbd76eb171bb934f934b
0.5,416,060268462465da574ee1e4d55c279d1,55.47972602672079,f3fe8f7152ed066476c5009fa6059a0
0.5,417,6b60d8305ef00c0f367b1fcd597db50,55.0,a98e38a736be0565b380edd6b46f058
0.5,418,076ebe5d45fe26b92c3ad0ffd8d8abc,55.0,1f766c6e84dbd1a2e056e597f8c3cbb
0.5,419,483b660fde693d64f2cb98d418e1635,54.99090833947008,78447e28d6b2c085dc30905e23d70fb
0.5,420,57d61013ba696e2e37faef82633d79d,54.91812087098393,edecf382aaf83a895c6223df8691a17
0.5,421,8ad448c6542500ca06199af51dad276,54.91812087098393,2ad2e4f1ac50610a15b72b80b45aa93
0.5,422,5222c50d34da21a550d6e5adf44f26a,54.699177324709375,aae0515999c3002b73c38fd9e53dcfe
0.5,423,7e4239e3d0c90b8df7ac3a122cf36d2,54.3874985635486,1b67f6a6248de5332a4c175372c0cb0
0.5,424,84fb05eb77cf82b75751608c8fc31bc,54.3874985635486,268d508b0898ca88aeb7624f692ed0a
0.5,425,63d34107e82ee236390a47eef756953,54.22176684690384,6aa0fcc27f6027d175a25037c981987
0.5,426,4d7f68caa0b73f2c91d025fb3247299,54.0,02f36950c7dc96375a19462d425c35b
0.5,427,9673782142a7241cd2928aa852d966c,53.96295025292816,072700e261248a118cac360e08e0f9d
0.5,428,2f3111a674bf0f60dc1c515be4ed2a6,53.96295025292816,f618a58b77e58f5edb8d7454b5f26a6
0.5,429,cd704a34d608ed8f93a5feec2550fd7,53.91660226683429,d537d9e820dd8a24b9e52f2c67dd41f
0.5,430,103c375bb2b11d051ed1a725ab8a42f,53.721504074253176,e5cb43b7cc818c24e15049970d1516d
0.5,431,299903bc078a94957b71c5bd9227b3b,53.57238094391549,0bc6cfbb22658037c95a892afc03ca9
0.5,432,e050d3d724c39fa6633bb1b8c9ebfa2,53.49766350038102,61531285e2fc7a388e19b0ffe4dcb1d
0.5,433,9f4f7f7b2170fc9cc67c0b23e4e7e54,53.47896782848375,6114a27eef74b2d8a5ea075f229899e
0.5,434,5fbfdbff24f79ac06c03c55548c14d4,53.47896782848375,d8522c345639714537add1a54491097
0.5,435,14907cc73c1d25c78356bc510f1f194,53.44155686354955,c536c7a9eaf72c77cddb8eb71e0c86a
0.5,436,72d93a6928cf5043fca02663a7fa5b4,53.38539126015656,072eda97bcd854a7c3a4e8e525aa413
0.5,437,2586d9d2667002739beb70afd293f31,53.27288240746881,c0c423be514a35211e0f76fd8318a46
0.5,438,ca77fa3198d7cad2dc5fc8fdd663aff,53.0,707b488d23926b1ae3ef80c90946ff7
0.5,439,b6d294a1dcf9341a2b8fcb8e2dc00f6,53.0,63f4c608857dbc6ded12fa0e60a6f40
0.5,440,72375d28ec1aee728074daac3dde799,52.91502622129181,5232650b8bdaa109b9ce2485f1f9d57
0.5,441,3a816c4885eccf8a02c130a433b17bd,52.47856705360771,67629abeb887fc9b3e34604bab6eb82
0.5,442,b38b6c10b3e0d958ce6be15a6cee386,52.38320341483518,f32b878bb3ec0b6417b6b7a3837262a
0.5,443,462addf40e5f6e80a94daad9058a1d4,52.230259428802384,c58e54086852b68cdba0d7d488487f9
0.5,444,9a08b4974dea6820203894629cfbf53,51.99038372622383,1397ce9131f578ce718f5e35e6523a2
0.5,445,a0affa360b8f5542eb33c77bb4339df,51.99038372622383,5cea8e66747246dcbf2a9a0e8177974
0.5,446,b0d02796c8fd5ccedefe6014aac7666,51.91338940966965,cffe67915fb55e05a29769313cd7941
0.5,447,c879f44ab2e1d64b2b9689d031da252,51.91338940966964,3b2c081b60c9a302df8ffdb9eec2672
0.5,448,da714c9d3d341b540c045e33b39b500,51.91338940966964,f3b1dafa1ee09d31c27a7f8b962c461
0.5,449,9bd9a0ed0f5f2a0f301191a479e87ea,51.47815070493501,239cd1b6517bd988267129c1c2f1d1f
0.5,450,c4414edf903a6842bb263681ad7549d,51.43928459844674,3e732d4e93981cd91d79c90d2a0a093
0.5,451,41038476ec03e952882a852763293df,51.38093031466051,8a3aa0158bd08db0ac0b36258956a24
0.5,452,af4364df88206a447103d281c6f0950,51.30302135352264,a12fb209f4c5cf954b504a904883684
0.5,453,e598c09a41203ff47615f8030d66e81,50.96076922496363,fe20359b209d8df73b8a3a4a7e92bcd
0.5,454,c89bf7cef8ab80c903d8c5c97658b3f,50.84289527554464,17f931f4c13d4983a77fe59dfe349e3
0.5,455,d073af37eb0c40be90ac7d2fcbe051d,50.59644256269407,45a5d664c4685c67f0a36c6f0b4a03f
0.5,456,16269cec2b07c3ccb036f758f588f0e,50.4975246918104,d745c03bedf941d7939ad3b300cbd7b
0.5,457,454cf5ec88e715869029ce8701731ea,50.4975246918104,5e79680f27e07b18bb96ffa8f04538a
0.5,458,9706ea52ece952421e396a6b4f04646,50.4975246918104,bcbee34fff9e6700072fce4dc3129a5
0.5,459,94811e21df0f2cb662e3d4ccd82cd03,50.47771785649585,eda6ecaf1ec93dd10e046756891bd4e
0.5,460,b6c1d9ffe5967b5567ce8779b8b2f15,50.47771785649585,da18bcf73e01114b41f5adf8df02bd2
0.5,461,2da55cc2b7e8571c1ec0703dce991c5,50.47771785649585,bdf4760a6f3fb2675096f4b1b8f1971
0.5,462,4e8ce686d50dae218453e17b4ceda34,50.43808085167396,081c7ebba70d71e38ce6e2e9115d8d4
0.5,463,417e154d9d72c8fa6e1ba3dd3b9898a,50.00000000000001,e2b2bdfc31212c2199c83ed4c5840db
0.5,464,ac492b355b6a661e995ff066c50c543,49.749371855331,2a1125adce4016790aa2baab7fd605b
0.5,465,652b099c198bd1427623b82146f8ada,49.47726750741192,d6598c154b8861422d8baff9d75e862
0.5,466,71a5c50914640a3c29c8a48179478e8,49.47726750741192,7c04a6255508e1e8f6b04b474e7e2f2
0.5,467,1f62ab59a47b448665cfb8b579dfcfa,49.4368283772331,d4c2c81a45d36a85266285fc6885819
0.5,468,270d8b0516875f5dd53f7ab6aedef6e,49.0,86c80f4eddf3487e3254b76e51cafab
0.5,469,e79f8134bdb8735015d814b8c51dc83,49.0,ad77694b79f424e12c520f5d53f74e0
0.5,470,d96d907adca3ce45b5b7a3e6334d13a,48.98979485566356,cc2837115a5abcc9febf21f38ce6e5b
0.5,471,7cb067054eb639ea08d7943a8ae0e91,48.53864439804639,bff27fa291b9142ad48a4d7fde7b21b
0.5,472,b52937bdc3320789bb718ba90d7739a,48.49742261192856,510df984f9236e8731067b0c92f4c83
0.5,473,540c0aab8fae67396347be23a1501ab,48.47679857416329,782f4def81e3be7c01d05ba89c18b2f
0.5,474,7a5aec711414b5bee9519dd98e90c59,48.47679857416329,2acbfe44909cd1c6f9c0c369f8b3ca2
0.5,475,144cbfcf4d1187e848c414fbaa31470,48.43552415324934,850d724eee056736765fb290a6555cc
0.5,476,bef15886dc88b6795ee21325543cdc8,48.373546489791295,77c196b49d6f653040b61c07771386d
0.5,477,02753d777c3c2ad78581b433fcdb25a,48.16637831516919,f5927305b264dc849c6843dfd43ed69
0.5,478,1436ef3ea60462f4d10211815a247de,47.989582202807306,88b31388f8e04ea72554ed6e50ee22c
0.5,479,81e8bda02f28b08fe9715e3f0285046,47.91659420284376,9c52998bbde29158fb15609911094af
0.5,480,18955fbc5dc1c632bdd8ee6ebca1910,47.73887304912004,ff3cbe4fc11a46dab5a6ff9425d5b54
0.5,481,88174bfcdbc4803733c37c05ff49d80,47.560487802376464,8df11ea9ce55f91eaf9fb239fe5a605
0.5,482,cd50f348ecc014c61bfb1c58d684eca,47.47630988187688,328cf582a4b379011ebb7d5f1b6a6d0
0.5,483,57f061538a8f0274e45ccc567da02b8,47.47630988187688,1d3e89a342402a2cbe60660f09e4c6e
0.5,484,a39d4c72b4ea108e5f2aba3cff00720,47.47630988187688,a9f4b49481efb264a251fe37fcf2490
0.5,485,1e6c84e857812f2cea4b9d0b931dff3,47.18050444834179,d0e134f119526344cfa0a1b6de15c57
0.5,486,6487edb2a5b79b640530c1030e0b756,47.18050444834179,79ed4f8a86001d6851b21b3ce2dbbf5
0.5,487,c5aaf63c350c959bc96494a25823050,46.98936049788292,09f95673319d17df80a378311d15c5c
0.5,488,f2602283cc1eddfa08be5dd8be8c755,46.95742752749558,ce055832ef5fe198065d43a2bc23045
0.5,489,9f253a725d496206d8862e05dfc3310,46.95742752749558,6be59c2e8b04a4276b84fb76a57b8ac
0.5,490,98751535ef6b0ed9582502e233b5952,46.95742752749558,a69b1e369edc124a2e1596f72b8be90
0.5,491,47ec4456fe37f34625e8a22b522a2aa,46.28174586162454,9e4b86e2834fb02aa2bfef9af6e5fdd
0.5,492,8233612b3b06ca47548f9755aaf660a,46.04345773288536,076526458a986f41aa7d6aa03f6b7fd
0.5,493,8490a3c0b49405c530a82b38ac1f9b7,45.98912915026767,ec715550a2cc7c1890eaa91712363e7
0.5,494,498d0547533460c7e47e67de248bcc8,45.95650117230423,b8b2384afd6393508c15bb755628581
0.5,495,f78811b8635b333bc4624f611595c25,45.92385001282013,4146a92da4725745c7772943d749f38
0.5,496,ba55a4b2c5d6d564be93a064d124fa7,45.902069670114,37ee7ad38499b869a2b29a35f88181b
0.5,497,22a5ce11d39f5891be6a2e071c18966,45.727453460694704,8d93e79e382335e0e1b7978b543f2e4
0.5,498,e340392eda05b99084556f88c2874ac,45.49725266430931,afe90f24b90d763c5dfc2a7f0cac434
0.5,499,43115bddeea82a08075c2626afb176f,45.47526800360829,658a971af2c9cf1f07e79be4f60e1b1
0.5,500,6ef40ee914fb28a46f13200648c08de,45.47526800360829,525dfb2f0cdefe3e30ef67e1998279a
0.5,501,fa4fdd257215f131fabe2f55aae54a2,45.47526800360829,76faa0751ea9c09b57c7be150edf26b
0.5,502,ad3719e414601ea087ea9de95351bc4,45.46427168667722,d3579924d732bb6d4f8d62d55f0edea
0.5,503,32743ceb7db9b2bb3beaf895eb02631,45.2990066116245,3b1f4d963c1ba8ca0a1984ae61d0fec
0.5,504,f7ec82c9835461db0352d43f74d372f,45.00000000000001,2db39f6596d8c040b34362be6cc5400
0.5,505,e715a5a4dee26bf78a4d8a4eb7b027b,45.00000000000001,d128589596b0a876cec29111f80c92d
0.5,506,095b854f8aadad304ce82b15633e349,44.98888751680797,ad57bf0e7ef8005fc0f1ce633ee9290
0.5,507,ad906110b9819e04160a0953323c5f1,44.98888751680797,db39edfe3823646c4c5b2c3873b20cd
0.5,508,bc3cf63b9af6041f147f26dee4f9ae1,44.95553358597804,76016ef6cd744a2efa51702b97e1123
0.5,509,b94efe0915ae9f4b04f4707627ecb70,44.95553358597804,be9a43f7de867e5870102d8ee056970
0.5,510,a094001ecb10f7f1902914d439bb3f1,44.95553358597804,044c8fc86a39df017b0eba35669843a
0.5,511,422fd3468d5ee8179dd4bd1d8f8e9b2,44.362146025637664,bd1878d03fe421ef2ffe5e41630331e
0.5,512,8927257eae43d91c64a2f96b60fbd40,44.27188724235732,806be4a9c36f5cfd389f8f4e7a89b16
0.5,513,163943ce5094b5572b2aadcd5d78f1b,44.15880433163924,efe4b343041d54341c5a278ba5a1ea3
0.5,514,2eef57d0cf195066440e85625a32929,43.98863489584554,3d0e6ef04156a7aa2396de4160a8ffe
0.5,515,3e56f447b3dfae61d09fa326a6b1916,43.95452195167182,03c66c35bc0039248edad9d2b1b194c
0.5,516,364de4278bcc24e9457d77554c80cb3,43.86342439892261,b2cead7ccf035b8057e4fab5a04d3f1
0.5,517,2088e78ab8d1a1c74c85b86813d9827,43.8178046004133,ea00d3fdd0d6afefb1de4aa5f4d9815
0.5,518,31ae9970f42ee2f4026daffe32ee71b,43.68065933568311,889d61c66aa3706cb3cf5045aab34d4
0.5,519,8986730b5ad568d5e7dc6b2c51269b7,43.49712634186309,51daa7b79672aecc23f02f1c09f5624
0.5,520,5ace93b89a410138c13cfdf96926ffd,43.49712634186309,a8240a2f036ab6ee201d742ab7e36e2
0.5,521,49c498d8afb921346d58ba5e22396c5,43.47413023856832,299603833c61df20153b0bec0ea2bdc
0.5,522,4813805f70290cfbd13c1586a014cda,43.42810150121693,f22f617bda9ecedb298a279e2c09114
0.5,523,ae31060e3d2625b6f403b0d79ac6a50,43.26661530556787,87e3ce3898a3e32d75d016ef659e635
0.5,524,db5720366b115ca15adf00b631232f5,43.26661530556787,7f32e82889faeb6ab65cb0b552af4dc
0.5,525,8239eff92bba5a9331fb8d50ba6ac40,43.243496620879306,7698006d53af325476d72b4802e2068
0.5,526,7a477e32acdf5514570d6a0e1e3304c,42.99999999999999,bfc9e188c406bdcc6eb9b0fe4128408
0.5,527,d08a8f2a14d32b0980f6c411d4011c7,42.98837052040936,ad5987a92d6b656d139d5ff8ceb9d47
0.5,528,841298d56228254a6dffd687ec7d50b,42.98837052040936,d66b4df251d872353430a01958ff026
0.5,529,9844010e706eb57279e48bae8702c97,42.579337712087536,019641a0a1df25091cca63918cb0c0e
0.5,530,4ea35cdb17ed812c3d484379f0bf74d,42.49705872175156,62974b22959ab3dd4fe824999cdc48b
0.5,531,ec3c750caeb446b6ba756075c90e5c4,42.47352116319061,d0339f6a68acd9fe23b1ab5f079ab59
0.5,532,b717fd5dcf5eacbcf1989b301807148,42.47352116319061,68cecb85fbf90e62feadfe625a53852
0.5,533,d56870b384eed13fdb60ee63382474b,42.47352116319061,421ed182e3d34f9d5817d0c42774361
0.5,534,9101150b470a5671c7c8b49edb17a29,42.42640687119285,a60990f11f831a84d9b990e595c1c67
0.5,535,7ba53e060699ba81bd7c27f40b4ee05,42.42640687119285,67ee39ce2451ab41624871bcc062d25
0.5,536,c14b188933cd4ff1431e9d68771b712,42.0,05e045d61a02f9584ba34c0303b79fe
0.5,537,5e83e9273fa1e938c4686196d551cac,41.98809355043403,6b10e14d648100e0db7f1d0ac83e774
0.5,538,d512eb01bf78e58e83987f252375a1e,41.98809355043403,7e28cc0b507f27416a6f0c1625da0fe
0.5,539,e7bbb0909b94613984c31fcaa9b7a7d,41.95235392680606,edf308a78f5770f0dd3f5dd337298c9
0.5,540,9f4924877c2ff61b5fe44b900c09771,41.95235392680606,e8e12896ab829d0780f93dcf665063f
0.5,541,40c31256cdff6e939f7f48cfef23dca,41.89272013130682,06ab74c61cd17c3463b5d6d01f16423
0.5,542,ba8566772a6cf29d45dc346cf90499b,41.49698784249286,2fc8167090495403e9accd2761127ff
0.5,543,6fc1cc5221d9c0957040b3a999bfe4f,41.47288270665544,d58cc59bed9d29cb71e9269a3f9d0a8
0.5,544,9f8e41acfae7cd534cd056e4b35fad3,41.47288270665544,4290cb7ce8779cde5a436deaa3ee768
0.5,545,1d1f77e559d1c4c5010b7a7d0c9d0b1,41.352146256270665,4393ba095d80e9808ea3eb0611f6cbb
0.5,546,86324527397a7f6dd9037c3739ef64b,41.0,ec17765b90d60d1606052eec6853601
0.5,547,de0078d388f0af555a7f70c4f6462cd,40.9878030638384,6ac0b1a4337f57f49e32a7719454fd1
0.5,548,07253103caa500d6bbaab538e058573,40.9878030638384,8ff8c2d39007482d71fe7fc7c622510
0.5,549,a7d1931d5b83eb45bdfa11edf92972d,40.951190458886536,f2f58e21a3cc229a116267b877dfa7f
0.5,550,b1ba70d0f97612b895e8f845bad0627,40.91454509095757,b5985fd2a7e047bd1e1a900c2018cc5
0.5,551,6ab36f39ee830a3a6d20a4c7664d8dc,40.49691346263317,6f5d93c837d7f83c4c8127154dfd019
0.5,552,41bb7bb01a6ca4231ca9b5ff062a90b,40.47221268969613,94b9a13923ad682b2fdd157ba816852
0.5,553,04675763ebcc4a2389cd24636d958b1,40.42276586281547,fcf88210484f566ae514e78e7ba6e50
0.5,554,1aa3ec1e0ddddcaec7245691f90e792,40.00000000000001,80b7518bc02fcdbd91add5d8cfd3036
0.5,555,b93b2f23f3bb4340cd39bb2d914e4be,39.7994974842648,58560aa9e490033bd2c56010125e035
0.5,556,e32ecf741406c9f5675b356e1074b23,39.7994974842648,2c549d32bdff9cec60030f1caa77b21
0.5,557,4233057120aa1704970415b4131dbf8,39.496835316263,8b07c56728c9e91448f1e4b77b2ec71
0.5,558,3c323960630430d8e6b1dc88f7594ab,39.496835316263,15f0f3aefeea1d2623a62fce9c49567
0.5,559,571452d278547882b121795348cf161,39.471508711981095,e49498b2a02fed52369305d41e10c29
0.5,560,fbf88416f19eb4c747d86bf9289a9b9,39.471508711981095,5cadb523cb6909f92350f70f124adfb
0.5,561,5d9aba752c91d3b2d2fa467cd20c266,39.471508711981095,1b6a6c0cab803e1836f429b032d13ee
0.5,562,4341c1a3f0b71745c30fc906d9919d6,39.471508711981095,4d190ba48aab11e3fa83051057e8f7e
0.5,563,c9ac9c6a2ffc58643a864f1b0a067d4,39.471508711981095,d1d5c4608b26c886ff9650d6e365dea
0.5,564,a912cd5d6048d0f9bd2d5dbf44b0765,39.471508711981095,eab957491d944a82619078d0e7abde3
0.5,565,9e85ece342b39d34d61ef6b8b1a1fad,39.42080668885404,baad828e274ac584ac0ae53ec389fd1
0.5,566,e9c17e1987479de3a8638437bc846c5,39.42080668885404,b8073ee3970738f42f1d5a41da5d43e
0.5,567,c0fa09dd34bb99606da56410017e4f0,39.42080668885404,00f31f52782b73d4a66ec108e22b17b
0.5,568,fba51026f3d7ce010cdf19e4eae225b,39.242833740697165,f931b13aead002d7fcdb02f84e0f794
0.5,569,615768d341b6af210c71f1522f2af7c,39.20459156782531,b41cc2512cf0c9326c7ec41da36d713
0.5,570,21d492f4fdf212721df5c9edbccd737,39.19183588453085,8c5f7f05464ddfa3748081bff1b28cc
0.5,571,5e4d5147381464e06eff655faae809c,39.1152144312159,3e79a6fc0f8fd77121699328260c5eb
0.5,572,55de8200091675d0f06b2652d7476c0,39.1152144312159,d8312ccbc748434658418527b207ef0
0.5,573,71d9d72e0a731ce1e622f0cb3d0d7dd,39.0,e5a723b4627c9f81369d9ab534a0d24
0.5,574,37f98efcfc5fd7c2c8bee87ed7bb5a1,39.0,0083d27cb21be3ecd7cda1dc3859f32
0.5,575,ba3bb3af02a526609f900b91bc6cdbe,39.0,8d2611db70743521228e8bd4f52c62b
0.5,576,a56534dd0d5ea8a5cbe80eeb6444ca6,38.98717737923585,b586b2083654c4983d1e18779a19643
0.5,577,83c93b83cfc082a447e197cff3dd9a5,38.98717737923585,18232610f62c3d63765f5b453190a44
0.5,578,daa7a59d6dfb0e91f9de97907d75375,38.98717737923585,c789ad25c8ad9aca217362206f7ceaf
0.5,579,9974bb434dbac7375acebd71de1612f,38.94868418830089,f897bf4938c60cf1797504b6859e2ef
0.5,580,3e79b4d7ca41f8522f55e6868dbc5ca,38.67815921162743,92a7d62cebdadeecdf45018a691a020
0.5,581,9afd65ba4b036bfa980b927bf09bcdb,38.67815921162743,fc80a147653f22011853f11abb2a6d2
0.5,582,849382127dbd357888e73414fe6488b,38.53569773599539,4fc93ea8f8d737da167f28b25cb9d18
0.5,583,28a78bbe6f044ec8eed969282cde5de,38.49675310984031,8eb3cbe157e033d10cc8c021628086c
0.5,584,83c0458e0bebfb8cf2c2ff8560ffc8f,38.47076812334269,d41265e4e95f6a4a251f2ff820f50f5
0.5,585,13f8c8674be0ec4a6059da0901e52ab,38.41874542459709,6985aadad98bf733c9d776733f48698
0.5,586,f0029ec9956e50a566c50ee090d5f49,38.1051177665153,324d79c6be0075e794dcfc78c78f370
0.5,587,ef5a7423f9bb116fdd6ffe070d54a0b,37.94733192202055,7bcc6db8f7074b238e57b933e620212
0.5,588,4e9c405c2f92dbf50ed6b697e495a77,37.881393849751625,247f97944c954551dd72c6245b8dbd2
0.5,589,0184ab47d3f3eafb7ccf94e13a60338,37.881393849751625,d418bdaf3e42a7d0ea1ed3ab1b80a2f
0.5,590,aee86d44115eb548c09f298b0881de3,37.881393849751625,592f1af9feca825c2ddaca01e6938cd
0.5,591,1eed6f5b57a52f68244e4c68079471a,37.78888725538237,695c3f80f8ba05abca258bd04f7c5c8
